9680764364|2015-10-19T08:41:12+0000
I haven t seen such a pathetic service of bank like hdfc your reps are calling my house to apply for credit cards like 12 times in a day when I told them not to they started acting rude moreover when I tried reaching ivr I got hung up moreover the tollfree no chargede 5rs everytime I ll report this attitude to BBB and cosumer complaints|2015-10-19T08:12:15+0000
Whenever a change in address, email ID or mobile no. is updated the bank shd send sms and mail to OLD as well as NEW mobile no. and email ID.|2015-10-19T07:37:06+0000
HDFC Bank Jasola Branch 110025 rejects MTNL bill as KYC for POR.   HDFC Bank Jasola Branch 110025 rejects MTNL bill as KYC for POR. Account is old account . Want aadhar or passport . When aadhar and passport both use MTNL bill as valid POR why the HDFC rejecting the same . What does RBI ruling say.|2015-10-19T07:35:00+0000
Hi pleas give me number hdfc bank calicut|2015-10-19T06:57:43+0000
Worst Banking Services|2015-10-19T05:43:11+0000
HI, Is payzapp available for windows phone?|2015-10-19T05:24:50+0000
PATHETIC SERVICE,  I have deposited a cheque on 16th October around 10:30 am  and the amazing thing is that my cheque is untraceable now there is no status with HDFC officials of cheque.  Cheque was LOCAL HDFC cheque which must be cleared within same day day or next day, but it is not processed yet if processed then why the Bank has no status of same.  There are charges for every delayed or failure for customer why not for the bank.  Kindly check and update me the status of my cheque on priority basis.  Cheque no 004139.HDFC Local checque Deposit branch_ HDFC BANK LTD H 4 MAIN ROAD MAHIPALPUR DELHI 110037.  I have met with Mr. Arush in branch today morning he is giving me illogical excuse that wee have sent the cheque for clearance and will update the status if it return by any reason.  My question is that if the cheque has been forwarded for clearance than status of same must be updated by the team to whom check was forwarded.  Kindly revert immediately.  Regards Mudassir Ahmed  Mob#   8376802767|2015-10-19T05:04:13+0000
Dear HDFC,  Please note that i applied for HDFC Credit Card on 06/10/2015 and got Reference No: 15100519293300S2. I got all verification done at my office. I got multiple calls at for verification too and your representatives informed that the card will be approved.   Today got checked in HDFC Link showing track your card application. Found the reason as follows.  Application Reference Number  15100519293300S2 Status  DISAPPROVED Remarks  DISAPPROVAL OF THE CREDIT CARD APPLICATION DOES NOT REFLECT IN ANYWAY ON YOUR CREDIT STANDING OR YOUR FINANCIAL STABILITY  where in none of your representatives took up the initiative to call and inform why it got disapproved. (2nd time the same thing happening)    Dilip (09600141649) , executive called and we have given all papers and verification also done positively.   please be noted that this is the second time the same thing is happening and i was informed that i will be receiving a letter which never came even after 6 months.  Awaiting for a quick response.|2015-10-19T05:02:03+0000
Golden Heritage Spa Discount Coupon (2nd Floor Rkay Mall Udaipur) Pay For Just Rs.499 & Get 4 Service Free. Valid Till 31st July 2016 1.Get Full Body Massage (45Mints) Free 2.Get Full body Traditional Thai Massage (45 Mints)Free 3.Get Foot Massage Free 4.Get Head Massage Free  For More information about this Discount Coupon Call +919785053501|2015-10-18T17:07:50+0000
I called customer care for an inquiry of CC card. They got my basic details and told me "system is busy please wait for 1 min." I waited for 5 min, then CC executive again told me system is very busy please wait for 1 min. And he simply cut my phone. But before he disconnect I hear some one told him "are din bhar kitna call lega ? cut de drop main dikha dena."  Wow.. what a service from HDFC Bank.    Can any one from HDFC Bank management guide me if my card has been stolen  what should I do ? Call Custom Care for this wonderful service and let the thief enjoy my full balance.|2015-10-18T16:12:38+0000
Hi, Even after repeated reminders of return of money.Money of cancellation of air tickets is not yet received.I am highly dissatisfied with your services.|2015-10-18T12:46:47+0000
Hi, I have a 1000 sqft ground floor branch lease space availabe at Shastripuram, TEARS AGRA. Please contact me at 8800274359 if interested..|2015-10-18T06:38:14+0000
I want to close my salary A/C number 02801050070303. Kindly suggest how i will close it.|2015-10-18T06:16:55+0000
I am offering personal loans hdfc bank jaipur|2015-10-18T06:07:56+0000
Hi,  I am a user of your HDFC credit card from years and have generally been very satisfied with your level of services. For  current card 4617873001959284 I made a late payment for the month of August 2015 as I was shifting cities and had no access to internet for days. I contacted your customer team and on September 11 I received a reply from Kritika S. (Ref 15254373247) that these charges would be reversed in the October statement (Rs 500 + 411).  However to my utter surprise these charges were not showing reversed when my statement for the month of October was generated. I again contacted your customer care team and asked that when I was assured that these charges would be showing reversed in the October statement then why are they not showing so?  Twice I got the same reply from Murugan (Ref ID 15283184226 ) and Anthony (15285438285) that these charges would be reversed in the November statement. It seemed that a robot was answering to my emails without even reading my emails properly.  I have two questions for which I seek immediate answers from you  1) When I was assured that these charges will be reversed in the October statement by Kritika S on September 11 then why has the needful not been done? 2) Do you hire your customer care officials out of kindergarten. Who make spelling mistakes in emails (my name was spelt incorrectly in both emails) and cannot even comprehend basic emails? (reiterating that the charges would be reversed in the November statement instead of answering why were they not reversed in the October one as I was promised)  Abhishek Manroa 9873262673|2015-10-18T05:13:24+0000
Team engage4more partners  HDFC Bank in their brand new performing arts talent based contest 'HUNAR' . A PAN India turnkey Mandate includes conceptualisation, format creation and production. Great to see this wave of corporate belief in engaging employees around their passion. #hr #employeeengagement #india #performingarts pics from regional finale west. India finale follows.|2015-10-18T05:02:53+0000
Yesterday experienced another annoying situation with a HDFC Banker when he asked me for my PIN I have experienced a fraud done by a HDFC employee by doing a fraudulent transaction in past. It is getting difficult to trust their system now.|2015-10-18T02:37:38+0000
hi Dear, please find req data. query reference number for this e-mail: 15289513358 name :- Nikhil jain mob no :- 9303277855 hdfc debit card no:-XXXX XXXX XXXX 8850 Amazon.in order (#171-7517947-4283522) Nobody is responding properly and every time i am asking i am getting new reference no by Krithika.R Customer Service Officer HDFC Bank Ltd. , please let me know my cashback has been track or not,|2015-10-17T23:23:02+0000
I am trying to access net banking, and it says "this service is temporarily unavailable, please try later". Is net banking down or is it specific to my account|2015-10-17T20:15:18+0000
HDFC replaced my credit card but not merged with my existing account so that i can't monitor my transactions at our NetBank credit card section after logged into my NetBank site. And importantly I can't received statements. I several times given rings i mean called c Care but they never answered me even after long waiting and my mobile battery drained. This is the reality of our customer care. Is it's caring or hurting can't i understood. You can see my repayments history that i never failed but at this month i failed due to lacked awarded i never received emails from HDFC I monitor online and I maintained always. One more thing that HDFC send 6 digits otp to generate Atm pin and I can't generated when I put six digit pin at our atm not excepted. Please do need full on above mentioned two matters Nagesh Gokley +91 8986636898 nageshgokley@yahoo.co.in|2015-10-17T20:12:20+0000
Got pick pocketed at Delhi. Purse had debit and credit cards. Want to block the cards but all that I hear when I call the customer care number is that you guys don't recieve calls on 2nd and 4th Saturdays and bank holidays. As far as I know, today, Oct 17, 2015, is a 3rd Saturday.|2015-10-17T16:30:10+0000
Hi HDFC Bank  I am experiencing the worst customer service for past 15 days. I made a transaction of 19k's on Amazon on 11th August and it was confirmed 15% cashback. Your reps for 3 times told me that it would be credited to me in Oct statement and when I called them today, they said it would be there in Nov statement. Why is so much ambiguity amongst your people? Why can not they share an exact information with the customer? This is making me think to move to some other back . Its pathetic customer service I must say.  Thanks|2015-10-17T15:20:33+0000
happy birthday mr Deepak Parekh|2015-10-17T15:00:11+0000
Your credit card net banking are very user unfriendly. After creating log in id and all card details it shows that it already exists. Did for 15 and even for some less likely used names but still same result. Very unfortunate. I guess u guys need to learn smthng from the way now public sector banks are competing in this.|2015-10-17T14:14:54+0000
Dear Sir, I'M PURUSHOTHAMAN FROM RANIPET.TAMILNADU ON 22.09.2015 DEPOSITED RS.18,700 IN ABOVE HDFC BANK BRANCH FOR THE NAME : AMAN KUMAR, A / C.NO : 50100092685250 BANK : HDFC BANK IFSC CODE : HDFC 0000481  BRANCH :NEW DELHI SO HE IS A CIBER CRIMINAL KEEP A / C IN YOUR HDFC BANK NEW DELHI. I REQUEST YOU TO GIVE ME HIS ADDRESS TO FILE A COMPLAINT ABOUT THE CREDIT IS DONE BY WRONGLY BY ME AND HE CHEAT ME 18,700 INR  TO HIS ACCOUNT &PLEASE TAKE  ACTION.|2015-10-17T13:53:41+0000
Had worst experience with the bank. There is a lack of knowledge with the employees. They need to get more training to talk to customers. Never faced such problems in the government banks. Really Shameful.|2015-10-17T13:07:03+0000
Pathetic customer service by any bank ever. Phone banker says i cannot use my net banking on weekends because i forgot my login password and he cannot reset it on weekends. Also, everytime a phone banker transfers the call to his manager for escalation, the call gets disconnected and i have to call again and follow the whole IVR process again and tell the same story to a new phone banker again....|2015-10-17T12:39:33+0000
Hi,  It would be great if you people can inform the customers about the hidden charges. I have converted a payment in to an EMI, after a month I am informed by your agent about the service charges. Great services offered!|2015-10-17T12:37:48+0000
Hamara net pass word  block ho gaya hai|2015-10-17T12:33:10+0000
Hi team,  As per your communication, there is no outstanding amount on my card.i have 6 reference numbers which you people are not yet provide any result on my card.i really unhappy and as per your communication I raise a complaint to Ombudsman as per RBI rules.kindly check your end on my card 4617 XXXX XXXX 9776 and let us know your queries on the same.  Regards, Buggareddy, +91-9176669272|2015-10-17T12:12:01+0000
This HDFC bank is one of the worst bank which i have ever seen, these bugger people have so many hidden charges on the credit card. they are a front end thief who still money from customer account on the basic of T*C, they have taken my amount from credit card.  when i call to customer service( worst customer service and customer has to be in the queue for 20 minutes to connect with customer care.) and when you email(reply never comes) .such a dedicated line and people are working their,  I request you all new user do not go with this BANK.   people please watch that, when can i get the reply from this dedicated team, my customer id is- 55841891DO   NOT GO WITH THIS BANK EVER, such a shameless people they are , who cut the amount from customer account without intimating. I want to closet he account from this bank|2015-10-17T11:40:35+0000
Very very bad customer Service by hdfc  1st.. Me & my brother went for bank account opening in a hdfc branch. & they ask for rs.35000 for account opening. Is it a policy of hdfc & also force to take RD policy.  2nd. Today i went to same branch of hdfc bank to transfer my other city account to my hometown. The person told me you hav to maintain rs.10,000 minimum balance in ur account. Which generally rs.5,000 for my hdfc bank account & for other bank accounts also. I said ok for the same. But the personal told me u also have to RD policy from our branch. I refused for the same. Then the personal is going rude & told me if you dont take RD policy i will not open your account in my branch. Im shocked from this scenario. Im operationg & in relation with hdfc over 6 years. But im going to end all relation with hdfc as of now. But i need answer from ur side if i dont want to take any of ur policy. Then your employee going to rude with customer & denied to open a account or transfer the account.|2015-10-17T10:03:44+0000
Dear All,  As you can see in image, one transaction was failed and I paid the amount in second transaction. It was done at Deepak Hospital, Blr. HDFC bank debited that amount twice(that means debited for Failed transaction too). Through Deepak Hospital, I raised the issue on 2015-10-12. Since then I wrote 4 times, but still HDFC is sleeping, there is no response at all. It seems there is no value of Customers for them.  Take care while using your card with HDFC Devices.|2015-10-17T09:54:18+0000
Sometime it really feel that private banks are fooling us around.. Specially HDFC bank. I am not aware that your bank executive open a demat account t and liked to my salary account. I am getting charged of it and no one is responding from your bank. Pathetic service. Worst bank ever...|2015-10-17T09:37:20+0000
Associated with HDFC bank since last 4 years with salary account . but now it became frustrating to continue with the bank. Even a branch manager not responds on a customers questions over mail.. 3-4 reminders and still no reply. Surely will have to think about some better banking option then HDFC bank.....really frustrating customer service....|2015-10-17T08:39:39+0000
Dear All,  This is complaint for Meenu Khosla Branch Manager is sector 20,Chandigarh. She has told me that the debit card will come in a week period and i have given all the documents to her.it was a application for platinum card which was lost by me.  After several emails and visits to bank, I finally got my card after 30 days and the new card was of 50000 limit and when i contacted her for the same ,she said on this account only 50000 card is what you can avail.  I called customer service and they informed me that she applied for normal card for you.No one helped me out on this matter and when i called her on her phone .She put my phone on speaker and telling her bank staf that this is how customers speaking for a card.  When i asked her that i can take action on this ,she said i have no issues as i am leaving bank.I have already opened new accounts in ICICI in sector 20 only and i am closing my all accounts by tomorrow.  Bank charged me for 285 for the card and put another charges on it too.  No one helps me in the bank and she used to talks to the customers like this only.No one helped me on this matter and i am talking this today legally to the consumer court for harassment done to me and the phone calls are shared with the staff members of the bank.|2015-10-17T07:19:17+0000
I am hdfc card holder and i have ordered I phone through amazon but my payment didn't receive on amazon side, When i called to branch they said it's server issue and i asked about my money then they replied they don't know correctly how could they say that. I want my money back as soon as possible otherwise i will claim on the bank. It's not reliable bank their staff also not cooperative. Give my money back i am going to close my account. Not reliable bank. Contact no: 8527104606.|2015-10-17T06:40:41+0000
I am a resident of Pune & have processed my Term Insurance. I have received the confirmation email on the 24th Sept.  Application number - 1100008842872 Payment was made on the 8th Sept, 2015. Today I received a call from the HDFC agent stating that it is taking time for the Underwriters to take a decision. However he also confirmed that my medical tests are clear. What is the use of paying HDFC more than a month ago & the policy is not yet issued???? What is the logic of naming your organization CLICK2PROTECT??? If its taking so long to issue a simple policy?????? There was a lot of confusion during the medical tests also which was resolved by the agent. This email has been sent with specific attachment to managingdirector also. Dont know if this will work with kind of illiterate tele callers who keep calling. Regards Vishwesh Deshmukh|2015-10-17T06:00:16+0000
why bank not sending my upgraded card to my address mentioned to my savings account .it returned back for sending to wrong address .pathetic customer service not able to solve any problem|2015-10-17T04:42:23+0000
Starting a new thread of posts on HDFC's page. I have been following up since so many weeks to get the refund. All I got so far is series of reference numbers and false assurance. Last two reference numbers that were given to me are: "HBL=031-641-393' reference id:FB0310153" and "Reference: Number: PDN051893".  I now request HDFC to share a firm timeline by when the amount will be refunded. Intend to lodge a case against HDFC if this does not get resolved by next week.|2015-10-17T03:36:39+0000
Kha pr posts  hai|2015-10-16T23:53:40+0000
Excellent service from RM of Juhu, Ville Parle Mr. Neelesh Juneja. Can't expect this from anyone other than India's most prestigious bank. Keep this up.|2015-10-16T20:10:40+0000
This is not the first time i have been cheated by your this branch, this is the third time but this time time i am in a deep mess, please tell me what do i do ??? I bet you have trained your staff on six sigma fraud, false, unprofessional and wrong commitment which is why right from the bottom to the top of your branch people are giving wrong promise and wasted my one month. And your sole aim to just get sales numbers come what may... even if takes that you cut some body's throat but sale has to happen. My reference number 15286588504|2015-10-16T19:28:43+0000
Keeping in mind the festive season I applied for a HDFC credit card on 1st Sept 2015 but till date I have not received any kind of written confirmation from HDFC team. I mean such a great bank like HDFC is operating and treating their customer in such a unprofessional way. Till date I dont even know that whether all those personal and important details and documents of mine collected by the so called HDFC executive was used for a genuine purpose or not because I was left with an application number only (i.e. CC23058043) which never help me out in any ways. The so called HDFC executive (Mobile No: 8190883553) who used to call me 10 times a day before collecting and processing the document has stooped responding anymore even after providing him a new reference customer for credit card. It is such a disgusting thing that I have to wait for a credit card application to get processed for nearly 2 months. I understand that these things are very sensitive case and several verification has to be done but HDFC is so unprofessional that they cannot send a single mail or sms requesting a customer to wait and hire such people those who does't care to respond.   So I request you to at least let me know whether the guy who collected the documents were used for genuine purpose or not because now I dont want to have an HDFC credit card anymore.  Never expected such kind of service from HDFC and just because of your service my name got spoiled in my friend circle as I referred a friend of mine to apply for the same along with me and she is also still waiting for the same.  Thank you for the unexpected service from HDFC Bank and ruining my plans for this festive season.  Bikramjeet Bhattacharjee  Bikram_89@yahoo.com|2015-10-16T16:53:31+0000
Dear Sir / Madam, I came know from your customer service centre shift-incharge that the technology to ensure HDFC bank credit card will prompt for a PIN on usage at any POS terminal is not yet available and is in process. Is  it so? When other bank can provide such card, why this cannot be done at HDFC? How many more months do your customers have to wait for it?|2015-10-16T16:36:30+0000
I recently purchased a Hdfc forex card for travel . It gives me immense pain to say that the type of service your this department has is totally horrendous. We complained about two false transactions to the bank and requested for card statement .We used every Possible medium to get the statement phone banking , email compliant , visit to branch , talking to representative . Every department worked to its worst with IT dept sending us email attachment of statement with no content . Phone banking to our surprise reporting our complaint had been closed  . Physical branch refusing to help saying we used book my forex to purchase Hdfc forex card. For the bank as a grieving customer who is associated with Hdfc from last 9 years  all I can say is - it s shameful if a bank like yours can't stand up to its broad values .  Details  Card holder : Vicky nanda Complaint # mumc1015166984|2015-10-16T16:11:24+0000
This is the worst bank i have ever seen. Today when i payment on amazon app.the amount was deducted from my account. But amazon get any payment from my side. When i called at hdfc customer care they told me it will take 2-4 days. How could be possible...that is my money. They have to send in my account in an hour... And even thy didnt called me that the amount is deducted so thy will refund me.|2015-10-16T15:47:38+0000
What documents required for converting the Savings account in to salary account..I have offer letter, and pay slip with me..pls comment|2015-10-16T15:11:18+0000
NEFT CHGS INCL ST & CESS 081015 It means..? I know this charges for Netbanking transfer..for below 1000 Rs.2.5...but Rs.20 deducted from my account...|2015-10-16T15:02:08+0000
Dear HDFC Cr. Team,  Kindly help to share me the PIN dispatch details regarding Cr. Card 4854-xxxx-xxxx-1496 pending since long.  Ram Avtar Gupta 1238, Indra Nagar Bhrampuri Near Sunaro Ki Dhramshala Landmark Anand Soap Factory, Meerut (U.P) India Postal Pin Code 250002 Ph. No. +91-9897212515|2015-10-16T14:50:18+0000
Dear Sir ,                     I Have taken a Home loan from HDFC in 2013 March at rate of 10.15 % pa it was increase to 10.5 by HDFC  when the RBI increase the interest rate but when RBI lower rate by 75 basis point your HDFC lower the 20 basis point only.  again RBI lower the 50 basis point HDFC Did not lower the rate from 10.30 % to Like me client   when RBI lower the rate by 125 basis point Hdfc did not pass the benefit to the customer why ?  #PMO|2015-10-16T14:04:31+0000
I had applied for new credit card three weeks back and submitted all the necessary document. Got verification call, but after that no response. Application number CC23653219, no update from your side. Need a update soon|2015-10-16T13:24:41+0000
HDFC Bank, Let's skip the greetings.  I made the ill-informed decision to get an HDFC Credit Card.  The level of unprofessionalism, complacency & lack of accountability that your employees have displayed has been impressive. And that was sarcastic.  1. I had applied for the card on 23rd June, the same day as my salaried account was opened and it took one month (30 days) for me to receive any kind of communication on the matter. That too after I wrote a mail to the concerned department.  2. I was asked for all information all over again over various emails & I eventually ended up sending 27 different e-mails with my information. With emails marked even to the managing director. Did something happen? No.  3. I had to send in more angry emails and then finally a sales representative was asked to contact me.  4. He told me of the process and assured me that everything should go smoothly. Did it? No.  5. You guys without giving me any prior information or instruction decided that the transfer method used to credit the salary into my account wasn't right. Even when I offered giving documents endorsing the transfer.  6. Regardless, the application did not go through that month & again I was assured that the next month it would work smoothly. Did it? No.  7. The next month the entire process was repeated & this time I was confident that no bank, however incompetent could actually care so little about service that it would in fact be reckless.  8. I was (Again, only on my frequent calling) told that this time too the card could not be processed because the last time the bank has tagged the application as declined & therefore I can't apply for the card for another 6 months.  Your bank & employees have no intent of service, no idea of ethic & no consideration for your customers. Need I remind you of your tagline, 'We understand your world.'  I am thoroughly disappointed, frustrated & surprised at the typically corporate behaviour, pathetic accountability & absence of responsibility.  HDFC bank, may I recommend 'We don't give a damn about your world.' as your new tagline.  I am surprised by you incompetence & audacity.|2015-10-16T12:40:47+0000
I really hate your service,you play with customer account and detect some charges when you want without any kind of intimation given to customer.You are big cheaters,you detect depositary charges 4 times within a year without any information.Very poor service!!!!|2015-10-16T12:22:17+0000
Dear Sir/Mam,  I am using your HDFC Credit Card Name of Rupak Ranjan and Card No- 4617 XXXX XXXX 7806 and I have settled my outstanding amount with Rs. 31450/- on 15th Nov 2014 with Convert an EMI for six Month, But I was unable to pay accordingly then your concern person Mr. Mahaveer Mob No- (9999135443) told me to pay it within Twelve EMI so i started to pay continuously, But on my last EMI time your concern person come to me and told me that your Settlement has been invalid and force me for resettlement, my settlement remain amount was only Rs. 2500 that was my last EMI but now they are saying for resettlement so I am not satisfied with your services and I not able for resettlement, I have already told to your concern person that I am not able for resettlement but continue your executive come to my home and force me for resettlement, Now I am jobless and not able for any resettlement so kindly check my record and resolve my issue. I am waiting for your positive reply.  Reg:- Rupak Ranjan +91- 8860511511|2015-10-16T11:47:07+0000
I HAVE LOCKED MY HDFC NETBANKING ACCOUNT DUE TO CONSECUTIVE FALSE PASSWORDS. KINDLY HELP TO RESOLVE THIS PROBLEM.|2015-10-16T11:34:25+0000
hdfc bank is a great bank today i paid my postpaid mobile  bill using bill pay  ,but the problem with aditya puri he things just putting on facebook 100 crore indians will come to know about it ,he should do advanced level of marketing otherwise bandhan and idfc  will  capture lot of their costumers|2015-10-16T10:54:48+0000
Cancelled flight ticket refund amount not credited to my bank account I have booked a flight ticket on 06/09/2015 from Allahabad to Delhi for Journey date 08/10/2015 through HDFC smartbuy (Goibibo Partner). The Goibibo cancelled the ticket on 30/09/2015 and the amount was refunded by airline as well as Goibibo. I have confirmation e-mail from Goibibo. But HDFC smart buy is not crediting the amount in my account. The HDFC smartbuy flight ticket booking reference no is - 1441779928264598 Many times I call & e-mailed to smartbuy, they have not even replied till now neither their call get connected to customer care if we keep on lone for 40+ minutes also. I would say, HDFC is a reliable organisation. But Smartbuy team spoiling HDFC's credibility. So requesting smart-buy team not to play with customer sentiment. Give correct information & refund the amount in time. If the the amount is not refunded in a day or 2, then I'll be forced to go to Consumer court.|2015-10-16T10:49:19+0000
@HDFC_Bank Debit Card Fees double than Credit Card ?? Can anyone explain or reply No one is replying in support ?|2015-10-16T09:45:30+0000
Can i disable OTP for my net banking transactions ? if yes how ?  Manish kumar singh|2015-10-16T08:22:02+0000
Im not able to use my credit card. After entering otp the payment is getting failed.. Can anyone help me??|2015-10-16T07:56:07+0000
One more reason to find HDFC bank having pathetic service. I have submitted form in bank for address change on 09th Oct. Its been a week and when I called today to call centre, got update that they have no idea about my form and they have not received it. This is height of stupidity from HDFC bank that first they make to fill the form to get drop at nearest ATM or Bank. And even after a week they are unable to track that request form.  I guess HDFFC is the only bank in 2015 which uses 20 years old updated method of address change by filling physical form with NO guarantee that whether your form will reach correct Bank deppt for processing or not.  Complain raised with complain number - 15289369706|2015-10-16T07:06:04+0000
I have savings account in Hyderabad kukatpally branch, i Maintained 5,000/- in this account, HDFC started charging for non maintenance of min balance. Now when i did enquiry to the nearest branch they said may be it now 10,000/- for you thats why they have charged so, But still i get sms says when the available balance is less than 5,000/-, your minimum balance is 5000/-. why this kind of fine imposed with out any proper rule to do so. Will i get any resolution?|2015-10-16T06:32:28+0000
Hi there, I made a NEFT transaction of 13 Oct but the money is not being transffered yet...... Can anyone help....!!|2015-10-16T05:35:53+0000
Hi, I just observed that this year my locker rent has been increased from 750 to 7000Rs. My personal banker mentioned that HDFC has decided to revise the rate. He, however, did not have any explanation on why the rate has been increased directly 10 times. There was no communication from Bank. What an unfair practice by HDFC bank.|2015-10-16T04:16:08+0000
Hey, I have found on road an International Debit card issued in the name of Mr. Prashant Jungle. The card number is 4854 46022xx2 9250 - The xx mentioned digits are not readable. I do not know whether the card owner has discarded it or has lost it. Could you please confirm with your account holder?|2015-10-16T03:57:58+0000
The ATM located in the HDFC HUGHES ROAD BRANCH, MUMBAI, MAHARASHTRA, has for the FOURTH TIME IN ONE WEEK, NOT been able to dispense cash! The ATM No. as indicated on the "Withdrawal Declined Unable to Dispense" Slip is: SIACMB72. What kind of pathetic service is this? Your stupid Watchman asks me to go to Chowpatty ATM which is quite far away - this ATM is right next to my house.  Why are we being inconvenienced like this? Is this the kind of Customer Service HDFC offers? Am truly disappointed and am thinking of closing the Account.|2015-10-16T03:47:05+0000
I  am the HDFC flagship credit card holder with good track record. Logged a complaint ('HBL=031-123-173' ) regarding ClickNgo deal and HDFC bank.HDFC bank aggregator  misleading customers saying that they are Visa partners and they give 20% payback discount card. In fact, ClickNgo is not a Visa partner and customer will able to know when the money is debited using HDFC IVR system.  After long follow up ClickNgo says(Mr.Sanjiv)assured that they have refunded money back to HDFC but HDFC says No.  HDFC RM Mr.Rajeneesh is not giving any support to track the case and every time he says system is down and he never calls back and updates the status. Lousy and delayed reply from PriorityRedressal.CreditCards@hdfcbank.com. I would ask HDFC management why you are not Updating clickNgo claim that is money refunded, why HDFC is keeping relationship with misleading partners and how can they missell the product using HDFC IVR system.|2015-10-16T02:21:12+0000
HDFC bank is one of the most reputed and a good banking brand in India, and i have excellent experience of online banking. BUT while following up for service through its PVR saket branch, new delhi.... I must say its most horrible experience. Carelessness of few people with impact the brand. Please take care.|2015-10-15T18:36:19+0000
Cen i get kalyani loan from ur bank|2015-10-15T17:47:46+0000
My netbanking account is locked. Is there any way to unlock it ?|2015-10-15T17:38:47+0000
Ia he work for  HDFC Bank  .|2015-10-15T17:25:07+0000
I am interested in Prime Minister Mudra Loan|2015-10-15T15:59:37+0000
Have opened savings max account in hdfc bank. I would like to know when hdfc bank will introduce cash deposit machines? You guys should introduce cash deposit machine in this banking era. It will be easy for us. Thank you. I hope you will listen to me. ðŸ˜ƒ have a good day|2015-10-15T15:28:29+0000
Employees of collection department of hdfc bank rajori garden, new Delhi are  working as a MAFIA. If you are unable to pay your dues on time then they will make sure to turn your life into living hell. Being abusive, using filthy language and harassment by sending people at home. Are we really living in India or Taliban. Beware if you don't pay them on time then these MAFIA people will make your life living hell by calling each and every family member of yours. If you mail their senior management then be ready,, Nothing will happen.. Slow clap for hdfc bank|2015-10-15T14:54:47+0000
Your ATM in a crucial area like HUGHES ROAD, NEVER HAS ANY MONEY IN IT!  Today my FOURTH TRANSACTION WAS REJECTED. I am repenting for Banking with you guys.|2015-10-15T13:51:21+0000
After a long association of 6 years I feel cheated by HDFC. They had mis sold a card and when I cancelled the card they cancelled my reward points that had accumulated for last 6 years. Very sad.... I will keep posting and highlighting this issue unless someone does something.|2015-10-15T13:19:52+0000
TO, We are not geting lpg subsidy even though aadhar no is linked  with  HDFC Bank a/c No:50100034129540  Ifsc Code:HDFC0000632 Aadhaar number 865689125800 Customer name: K.Radhabai.  The problem is HDFC bank has to link the aadhar with Npci for subsidy. Please help,|2015-10-15T11:07:05+0000
HDFC is really very bad bank. Their customer care service is the worst . My Debit cards are details were used in transaction by someone else and after one month of lodging the complaint of forging the card details they are just not doing anything. I have provided every documents they asked for and it is now more than one month, they are not able to complete their investigation. I dropped several emails to bank managers but there is no answer  from their side. In their complaint site, I am only able to track the status which was last updated  after two days of the complaint.Since then there is no update from bank side and they is no particular concerned team/people with whom I can follow up. I will suggest other not to continue with HDFC and very soon I am going to change my bank once I reach India. I don't understand what is risk-control team of HDFC is doing for last one month. I do not feel it is secure bank anymore.|2015-10-15T10:57:36+0000
one of the worst services bank in india.. HR department is not happy to work..even dont pick the call of employees.. i was employee in Hdfc bank.. n after my resign i dont get my pf amount n full n final.. HR department even dont pick the call..anybody have any complaint id for Hr.. kindly tell|2015-10-15T10:50:37+0000
Mr. Puri. My name is Rahul sarkar holding the net banking id: 47329030. I am a loyal customer for  HDFC since 4 years approx. I never face any inconvenience regarding any transaction and i have a good monthly transaction, I was offered a pre approved loan of 7.5 lakhs displaying on my net banking. so I planned a car and took the loan for reference no. 35057125. but then I planned to change the are and gave another request for the same Ref:35701889, but this time it took a long tie for any information against the same. After number of calls to customer care a rude executive denied to help and gave a number of Mr. Prasanna Majumdar( sales manager) who never picks the call: 9312930497. After a long discussion with the loan department I came to know that the verification was conducted and the field guy mention wrong update that once the address was not found and second time the guard was not able to give proper info about the office. I do-not have any guard at my office neither the Field executive contacted me, and wrong information was updated to the dept. I am very much upset with this behaviour from HDFC and I thing It was a bad decision choosing hdfc as when i needed support not is whiling to help me .  I would be Sharing this bad experience of mine to all my colleagues and will ask my dept never to deal with HDFC bank. Sharing this to social networks to masses should know about the worst services of HDFC where always promises are made but never fulfilled. RAHUL SARKAR 9716648269|2015-10-15T10:48:45+0000
They do it again...  I got a mail from them  "Dear Mr.Gandhi,   This is in continuation to our earlier post shared regarding your HDFC Bank Credit Card.   We are disappointed to observe that despite our best efforts to satisfy you, an important customer for us, you are left with a feeling of dissatisfaction with our services. In this regard, we wish to assure you that we have taken cognizance of your comments and the spirit in which you have shared your experience with us.   Having said this and with regards to your queries on the reversal of 500 Reward points on 03/09/2015, we regret to inform that the reward points has been adjusted is due to technical reasons at the back-end systems. We regret for the inconvenience caused to you in this regard.   Being fully sensitized to your feedback expressed in your e-mail, we have arranged to re-credit the 500 Reward points on your credit card. The relevant entry for the same will reflect in your Oct'2015 statement dated 13/10/2015 in the Rewards Summary section as 'Rewards Earned'.   Having explained the same, we request you not to let this incident deter your patronage to HDFC Bank. Please provide us with your continuous support by using your existing HDFC credit card for all your shopping and entertainment needs thereby giving us many more opportunities to be of your service.   Please feel free to contact our Phone Banking number at 011-61606161 to write to us at : Priorityredressal.Creditcards@hdfcbank.com for any further assistance/clarification that you may require with regard to your credit card account.  In line with our focus and commitment to Customer Service, we trust that this Grievance Redressal Cell has addressed your grievance in a fair and equitable manner and the issue has been resolved to your satisfaction. If you are not satisfied with the resolution, you may write to our Principal Nodal Officer Mr. Appala Pranesh Rao at HDFC Bank Ltd.5th Floor, Tower B, Peninsula Business Park, Ganpatrao Kadam Marg, Lower Parel West, Mumbai 400013 or E-mail at : pnohdfcbank@hdfcbank.com or Fax at 022-42197125. Alternately you can call at Tel: 022- 30961541.  Kindly note the query reference number for this correspondence is 15261698112. Assuring you of our best services at all times.   Regards,   Deepa B Manager - Correspondence"  But I haven't got anything.  Now I should say "Worst bank for credit card users"|2015-10-15T09:29:12+0000
Dear Mr. Parag Rao,  Need your attention, since from last 2 times HDFC bank department mentioned wrong communication address while courier as per my current discussion with blue dart courier team this time "Sector" name not mentioned in courier that's why courier department not deliver the courier from last 3 days can you please look in to this last time same kind of issues faced with credit card delivery.  Blue Dart Waybill No : 42807614496       Reference No : 1528060107566606 Pickup Date        12 October 2015 From        Chennai To        Noida Status        Consignee'S Address Incomplete/Landmark         Needed Status and Scans Location     Details     Date     Time * Waybill No : 42807614496 Noida Sector 16     Consignee'S Address Incomplete/Landmark Needed        15-Oct-2015     07:31 Noida Sector 16     Consignee'S Address Incomplete/Landmark Needed        14-Oct-2015     08:22 Noida Sector 16     Consignee'S Address Incomplete/Landmark Needed        13-Oct-2015     13:40 Noida Sector 16     Shipment Out For Delivery     13-Oct-2015     12:04 Noida Sector 16     Shipment Arrived     13-Oct-2015     09:28|2015-10-15T09:24:43+0000
HDFC is very bad bank. Their customer care service is worst among the world whenever u call to customer care we lost time as well as money but they are so busy that they did not receive phone they why they give customer care option.  i will post this type of post in future also till now i get the solution of my problem. and will suggest other also not to continue with HDFC.  Rahul Agarwal 9899982832|2015-10-15T09:19:08+0000
HDFC banking standard is decreasing day by day.. they have employed people who are fooling their customers like anything and earning their commission from customers... Just for the sake of earning commission you(HDFC BANK) are fooling customers??? I will say, 3rd class banking overall.. Dear all, pls avoid transactions from this bank,, they will sell u something n earn commissions out of it..  Really pathetic!!|2015-10-15T07:32:59+0000
Hello  I want to know about last 1 year cashback provided to me against my debit card.and also the pending cashbacks.  Acct no. 50100050067882  Regards  Vishal gupta 09034100218|2015-10-15T07:32:11+0000
My netbanking account has been disabled due to 5 incorrect password attempts. So when will my account be enabled?|2015-10-15T07:03:25+0000
What  is int rate for home loan|2015-10-15T05:57:46+0000
got a forgery call from +91 8051378334 asking for my ATM Card details including CVV no.  I got the recording too, Kindly see if he is really one of you, I am sure not.   What made me smile: He asked: Sir, aapke paas kaun sa ATM card hai? I said: HDFC He applauded: Bilkul Sahi Jawab! :))|2015-10-15T05:11:44+0000
Hi,  Can we use HDFC food card to order food online? If yes, which sites we can use for this?|2015-10-14T15:51:07+0000
Hi why you people deducted RS342/- under depository? What is this?|2015-10-14T15:23:42+0000
HDFC Bank y it is so difficult to get done anything through phone banking??? i have received an incorrect statement for my credit card.  Can u suggest me any easy and convenient way to get it corrected. it is not possible for me to visit home branch. thanks|2015-10-14T15:19:48+0000
Why HDFC Bank is not startup friendly? When it comes to investment you wont leave even Rs. 1. But when it comes to giving Salary account you want big Fish only...|2015-10-14T13:39:55+0000
Just today I learnt that once HDFC bank customer place cheque book request on 18002703366 it cannot be cancelled. The problem here is the toll free number doesn't ask for any confirmation from customer before taking cheque book request. So person like me who calls to see the IVR menu, get disappointed because it straight away takes the call as a request for cheque book and the customer is charged Rs. 100 for the same. If customer wants to cancel this cheque book request, why HDFC bank not giving any option and making money out of customer errors ?|2015-10-14T10:42:26+0000
Is there any email id for escalation of credit card problems  ? The Call centers do not have the required information about the credit cards even when all the features are published on the website.|2015-10-14T10:36:21+0000
HDFC Bank is a big time fraud. Last year i opened a salary savings account with HDFC Bank and there Fraud executive opened a Demat account along with the salary account. I don't even know what should i do with that hell Demat account. HDFC Bank executive opened it without my consent.Just to meet his sales targets. It seems HDFC Bank is encouraging them to do that just to make their numbers.They kept on xharging me noney in my savings account that is the only reason i left HDFC Bank and opened my new salary account with another bank. I called their customer care as well.But the lady bluntly said that i have to pay INR 1500 only then they cqn close my account or else the account will remain active.I would never ever suggest any of my friend to go with hdfc bank at all. These guys are fraud and open the demat account with salary account. Beware and please read the document carefully before signing.|2015-10-14T09:48:42+0000
Hdfc bank have no value of time !!!...every time huge line at singal (only one casher )window of payment receiving n giving at deesa gujarat branch.....how much doing request abt concern...no result...|2015-10-14T09:24:05+0000
Complaint #delr1015005713we loan #35241707..... I have been following up for this complaint and there seems no response I was told to contact Dildeep Sethi and I sent him whatsapp n called bt there is no response. I have 4lakhs loan approved wen I asked for 1.5 only what rubbish is going on and why there is no action. Dildeep has been disconnecting my calls|2015-10-14T09:09:14+0000
